<?xml version="1.0" encoding="UTF-8" ?>
<extension type="package" version="2.5" method="upgrade">
	<name>VipPortfolio Packages</name>
	<packagename>VipPortfolio</packagename>
	<creationDate>August, 2010</creationDate>
	<author>Todor Iliev</author>
	<authorEmail>todor@itprism.com</authorEmail>
	<authorUrl>http://itprism.com</authorUrl>
	<copyright>Copyright (C) 2010 Todor Iliev ( ITPrism.com )</copyright>
	<license>http://www.gnu.org/copyleft/gpl.html</license>
	<version>3.2</version>
	<url>http://www.itprism.com</url>
	<packager>Todor Iliev</packager>
	<packagerurl>http://www.itprism.com</packagerurl>
	<description><![CDATA[
	<p><a href="http://itprism.com/free-joomla-extensions/vip-portfolio-component">Vip Portfolio</a> helps you to create your portfolio easily. It is a good way to show your work, and excellent way to sell your skills.</p>
	<p>If you like this extension, you are able to invest in its improvement. You can <a href="http://itprism.com/sponsorship" title="Sponsoring" target="_blank">sponsor the extension via SMS or PayPal</a>.</p>
	<p><a href="http://itprism.com/" target="_blank">Subscribe for the newsletter</a> to receive information about updates and new ITPrism extensions.</p>
	<p>Please, <a href="http://extensions.joomla.org/extensions/directory-a-documentation/portfolio/7863">vote for the extension</a> on Joomla! Extensions Directory</p>]]>
	</description>
	<files folder="packages">
		<file type="component" 	id="com_vipportfolio" >com_vipportfolio.zip</file>
	</files>
</extension>
